{"cameraMode":{"drawMode":0,"name":"Shaded","section":"Shading Mode"},"sceneLighting":false,"audioPlay":false,"sceneViewState":{"m_AlwaysRefresh":false,"showFog":true,"showSkybox":false,"showFlares":true,"showImageEffects":true,"showParticleSystems":true,"showVisualEffectGraphs":true,"m_FxEnabled":true},"in2DMode":false,"pivot":{"x":-0.00028810533694922924,"y":-0.00008072360651567578,"z":-0.0007113960455171764},"rotation":{"x":-0.13172265887260438,"y":-0.8436530232429504,"z":0.24055889248847962,"w":-0.4616488516330719},"size":0.0022173202596604826,"orthographic":false}