{"cameraMode":{"drawMode":0,"name":"Shaded","section":"Shading Mode"},"sceneLighting":false,"audioPlay":false,"sceneViewState":{"m_AlwaysRefresh":false,"showFog":true,"showSkybox":false,"showFlares":true,"showImageEffects":true,"showParticleSystems":true,"showVisualEffectGraphs":true,"m_FxEnabled":true},"in2DMode":false,"pivot":{"x":0.000011112324500572868,"y":0.000032712214306229725,"z":0.0000057606871450843759},"rotation":{"x":-0.0971117615699768,"y":-0.7303570508956909,"z":0.10607585310935974,"w":-0.667820930480957},"size":0.0013268792536109686,"orthographic":false}